Class,Code,Pixels,Percent
Unclassified,0,1856108,64.21272548823568
Jarosite,1,0,0.0
Goethite,2,45688,1.5805928330175352
Hematite,3,25743,0.8905883667564878
Kaolinite,4,843024,29.164719236162117
Alunite,5,103774,3.590098946190722
Illite,6,6440,0.2227941219714789
Smectite,7,0,0.0
Gypsum,8,9784,0.33848100766598593
