Class,Code,Pixels,Percent
Unclassified,0,2106553,71.40613151888698
Jarosite,1,0,0.0
Goethite,2,46,0.0015592686487682966
Hematite,3,29,0.0009830171916147955
Kaolinite,4,568590,19.273577413112296
Alunite,5,15330,0.519643225774304
Illite,6,243384,8.250022626343979
Smectite,7,0,0.0
Gypsum,8,16169,0.5480829300420562
